Model,WordSim353,WordSim353 (Similarity),WordSim353 (Relatedness)
Word2vec,0.6498825874660495,0.7645224577348366,0.5920509805731421
fastText,0.7035030713465811,0.8319753358590314,0.6429743649402342
GloVe,0.6493237358375127,0.7038927137261367,0.6283063381058107
